TARGET_1,cell_line,LogFC,Kinase_group,group_kin
AKT1,A3KAW,0.863033,AGC,AGC_AKT1
AKT1,A4Fuk,-1.620762,AGC,AGC_AKT1
AKT1,DB,-0.393992,AGC,AGC_AKT1
AKT1,HT,-1.2042705,AGC,AGC_AKT1
AKT1,MC116,-0.68846,AGC,AGC_AKT1
AKT1,NUDUL1,-1.944266,AGC,AGC_AKT1
AKT1,SLVL,1.16957925,AGC,AGC_AKT1
AKT1,SUDHL16,-3.0358545,AGC,AGC_AKT1
AKT1,TK,0.261666,AGC,AGC_AKT1
AKT1,WSUDLCL2,-4.288248,AGC,AGC_AKT1
AURKA,A3KAW,-0.842886,CAMK,CAMK_AURKA
AURKA,A4Fuk,-1.2330015,CAMK,CAMK_AURKA
AURKA,DB,-0.356113,CAMK,CAMK_AURKA
AURKA,HT,1.333503,CAMK,CAMK_AURKA
AURKA,MC116,-0.7245875,CAMK,CAMK_AURKA
AURKA,NUDUL1,-1.9270465,CAMK,CAMK_AURKA
AURKA,SLVL,0.506256,CAMK,CAMK_AURKA
AURKA,SUDHL16,-3.063171,CAMK,CAMK_AURKA
AURKA,TK,0.1707445,CAMK,CAMK_AURKA
AURKA,WSUDLCL2,0.5412975,CAMK,CAMK_AURKA
CHEK1,A3KAW,-0.773548,CAMK,CAMK_CHEK1
CHEK1,A4Fuk,-1.057892,CAMK,CAMK_CHEK1
CHEK1,DB,-0.60737,CAMK,CAMK_CHEK1
CHEK1,HT,-0.567751,CAMK,CAMK_CHEK1
CHEK1,MC116,-0.2590085,CAMK,CAMK_CHEK1
CHEK1,NUDUL1,-2.34704,CAMK,CAMK_CHEK1
CHEK1,SLVL,-0.0590805,CAMK,CAMK_CHEK1
CHEK1,SUDHL16,-0.8630175,CAMK,CAMK_CHEK1
CHEK1,TK,-0.51419,CAMK,CAMK_CHEK1
CHEK1,WSUDLCL2,-0.4518665,CAMK,CAMK_CHEK1
CDK1,A3KAW,0.195425,CMGC,CMGC_CDK1
CDK1,A4Fuk,-0.718284,CMGC,CMGC_CDK1
CDK1,DB,-0.11288,CMGC,CMGC_CDK1
CDK1,HT,0.886144,CMGC,CMGC_CDK1
CDK1,MC116,-0.005962,CMGC,CMGC_CDK1
CDK1,NUDUL1,-0.370512,CMGC,CMGC_CDK1
CDK1,SLVL,0.095026,CMGC,CMGC_CDK1
CDK1,SUDHL16,-0.506022,CMGC,CMGC_CDK1
CDK1,TK,1.617208,CMGC,CMGC_CDK1
CDK1,WSUDLCL2,1.480041,CMGC,CMGC_CDK1
CDK2,A3KAW,-1.865513,CMGC,CMGC_CDK2
CDK2,A4Fuk,-2.391284,CMGC,CMGC_CDK2
CDK2,DB,-0.781289,CMGC,CMGC_CDK2
CDK2,HT,-0.669996,CMGC,CMGC_CDK2
CDK2,MC116,-0.832738,CMGC,CMGC_CDK2
CDK2,NUDUL1,-1.658,CMGC,CMGC_CDK2
CDK2,SLVL,-0.051766,CMGC,CMGC_CDK2
CDK2,SUDHL16,-2.009418,CMGC,CMGC_CDK2
CDK2,TK,-0.566112,CMGC,CMGC_CDK2
CDK2,WSUDLCL2,0.258097,CMGC,CMGC_CDK2
CDK4,A3KAW,-1.028937,CMGC,CMGC_CDK4
CDK4,A4Fuk,0.496967,CMGC,CMGC_CDK4
CDK4,DB,0.705717,CMGC,CMGC_CDK4
CDK4,HT,1.272401,CMGC,CMGC_CDK4
CDK4,MC116,1.171457,CMGC,CMGC_CDK4
CDK4,NUDUL1,0.182223,CMGC,CMGC_CDK4
CDK4,SLVL,NA,CMGC,CMGC_CDK4
CDK4,SUDHL16,0.041147,CMGC,CMGC_CDK4
CDK4,TK,NA,CMGC,CMGC_CDK4
CDK4,WSUDLCL2,0.069016,CMGC,CMGC_CDK4
CDK7,A3KAW,0.355033,CMGC,CMGC_CDK7
CDK7,A4Fuk,4.535861,CMGC,CMGC_CDK7
CDK7,DB,-0.246289,CMGC,CMGC_CDK7
CDK7,HT,0.493462,CMGC,CMGC_CDK7
CDK7,MC116,0.370435,CMGC,CMGC_CDK7
CDK7,NUDUL1,-1.629232,CMGC,CMGC_CDK7
CDK7,SLVL,-1.842691,CMGC,CMGC_CDK7
CDK7,SUDHL16,-0.188841,CMGC,CMGC_CDK7
CDK7,TK,1.974593,CMGC,CMGC_CDK7
CDK7,WSUDLCL2,1.962932,CMGC,CMGC_CDK7
CDK9,A3KAW,0.144407,CMGC,CMGC_CDK9
CDK9,A4Fuk,-2.617127,CMGC,CMGC_CDK9
CDK9,DB,0.513848,CMGC,CMGC_CDK9
CDK9,HT,1.17835,CMGC,CMGC_CDK9
CDK9,MC116,0.695514,CMGC,CMGC_CDK9
CDK9,NUDUL1,-0.429238,CMGC,CMGC_CDK9
CDK9,SLVL,-0.602401,CMGC,CMGC_CDK9
CDK9,SUDHL16,0.443249,CMGC,CMGC_CDK9
CDK9,TK,1.434655,CMGC,CMGC_CDK9
CDK9,WSUDLCL2,2.587104,CMGC,CMGC_CDK9
ROCK1,A3KAW,-1.8184905,AGC,AGC_ROCK1
ROCK1,A4Fuk,NA,AGC,AGC_ROCK1
ROCK1,DB,-1.742427,AGC,AGC_ROCK1
ROCK1,HT,-0.083356,AGC,AGC_ROCK1
ROCK1,MC116,-1.444345,AGC,AGC_ROCK1
ROCK1,NUDUL1,-1.450744,AGC,AGC_ROCK1
ROCK1,SLVL,NA,AGC,AGC_ROCK1
ROCK1,SUDHL16,-2.83354,AGC,AGC_ROCK1
ROCK1,TK,-0.9195625,AGC,AGC_ROCK1
ROCK1,WSUDLCL2,NA,AGC,AGC_ROCK1
DYRK1B,A3KAW,0.234419,CMGC,CMGC_DYRK1B
DYRK1B,A4Fuk,NA,CMGC,CMGC_DYRK1B
DYRK1B,DB,0.391444,CMGC,CMGC_DYRK1B
DYRK1B,HT,NA,CMGC,CMGC_DYRK1B
DYRK1B,MC116,0.934689,CMGC,CMGC_DYRK1B
DYRK1B,NUDUL1,NA,CMGC,CMGC_DYRK1B
DYRK1B,SLVL,NA,CMGC,CMGC_DYRK1B
DYRK1B,SUDHL16,0.308601,CMGC,CMGC_DYRK1B
DYRK1B,TK,NA,CMGC,CMGC_DYRK1B
DYRK1B,WSUDLCL2,-6.209991,CMGC,CMGC_DYRK1B
GSK3A,A3KAW,0.002991,CMGC,CMGC_GSK3A
GSK3A,A4Fuk,-1.231033,CMGC,CMGC_GSK3A
GSK3A,DB,0.289278,CMGC,CMGC_GSK3A
GSK3A,HT,NA,CMGC,CMGC_GSK3A
GSK3A,MC116,-0.781474,CMGC,CMGC_GSK3A
GSK3A,NUDUL1,-1.181697,CMGC,CMGC_GSK3A
GSK3A,SLVL,0.454695,CMGC,CMGC_GSK3A
GSK3A,SUDHL16,-3.191357,CMGC,CMGC_GSK3A
GSK3A,TK,0.344254,CMGC,CMGC_GSK3A
GSK3A,WSUDLCL2,-0.328179,CMGC,CMGC_GSK3A
GSK3B,A3KAW,-1.47481,CMGC,CMGC_GSK3B
GSK3B,A4Fuk,0.227931,CMGC,CMGC_GSK3B
GSK3B,DB,0.65989,CMGC,CMGC_GSK3B
GSK3B,HT,NA,CMGC,CMGC_GSK3B
GSK3B,MC116,-0.851584,CMGC,CMGC_GSK3B
GSK3B,NUDUL1,NA,CMGC,CMGC_GSK3B
GSK3B,SLVL,0.725517,CMGC,CMGC_GSK3B
GSK3B,SUDHL16,-0.867827,CMGC,CMGC_GSK3B
GSK3B,TK,0.748456,CMGC,CMGC_GSK3B
GSK3B,WSUDLCL2,NA,CMGC,CMGC_GSK3B
CHUK,A3KAW,-0.408892,OTHER,OTHER_CHUK
CHUK,A4Fuk,-1.192171,OTHER,OTHER_CHUK
CHUK,DB,0.450823,OTHER,OTHER_CHUK
CHUK,HT,0.615157,OTHER,OTHER_CHUK
CHUK,MC116,-0.266663,OTHER,OTHER_CHUK
CHUK,NUDUL1,-0.352375,OTHER,OTHER_CHUK
CHUK,SLVL,0.43762,OTHER,OTHER_CHUK
CHUK,SUDHL16,-1.965138,OTHER,OTHER_CHUK
CHUK,TK,0.16959,OTHER,OTHER_CHUK
CHUK,WSUDLCL2,0.6199,OTHER,OTHER_CHUK
IKBKB,A3KAW,-3.343013,OTHER,OTHER_IKBKB
IKBKB,A4Fuk,0.8557,OTHER,OTHER_IKBKB
IKBKB,DB,-0.595383,OTHER,OTHER_IKBKB
IKBKB,HT,1.320725,OTHER,OTHER_IKBKB
IKBKB,MC116,-0.222839,OTHER,OTHER_IKBKB
IKBKB,NUDUL1,-2.405541,OTHER,OTHER_IKBKB
IKBKB,SLVL,-0.723825,OTHER,OTHER_IKBKB
IKBKB,SUDHL16,-2.752289,OTHER,OTHER_IKBKB
IKBKB,TK,-0.225694,OTHER,OTHER_IKBKB
IKBKB,WSUDLCL2,1.469512,OTHER,OTHER_IKBKB
TBK1,A3KAW,-1.408747,OTHER,OTHER_TBK1
TBK1,A4Fuk,-0.470326,OTHER,OTHER_TBK1
TBK1,DB,-0.994987,OTHER,OTHER_TBK1
TBK1,HT,NA,OTHER,OTHER_TBK1
TBK1,MC116,-0.410712,OTHER,OTHER_TBK1
TBK1,NUDUL1,0.791587,OTHER,OTHER_TBK1
TBK1,SLVL,NA,OTHER,OTHER_TBK1
TBK1,SUDHL16,-0.875651,OTHER,OTHER_TBK1
TBK1,TK,NA,OTHER,OTHER_TBK1
TBK1,WSUDLCL2,-1.164606,OTHER,OTHER_TBK1
IRAK1,A3KAW,-2.431499,TKL,TKL_IRAK1
IRAK1,A4Fuk,0.956693,TKL,TKL_IRAK1
IRAK1,DB,-0.247504,TKL,TKL_IRAK1
IRAK1,HT,-0.267474,TKL,TKL_IRAK1
IRAK1,MC116,0.075564,TKL,TKL_IRAK1
IRAK1,NUDUL1,-1.134986,TKL,TKL_IRAK1
IRAK1,SLVL,-0.956329,TKL,TKL_IRAK1
IRAK1,SUDHL16,NA,TKL,TKL_IRAK1
IRAK1,TK,0.103104,TKL,TKL_IRAK1
IRAK1,WSUDLCL2,0.506311,TKL,TKL_IRAK1
MAPK1,A3KAW,-1.344064,CMGC,CMGC_MAPK1
MAPK1,A4Fuk,-4.241561,CMGC,CMGC_MAPK1
MAPK1,DB,0.259793,CMGC,CMGC_MAPK1
MAPK1,HT,0.468056,CMGC,CMGC_MAPK1
MAPK1,MC116,-0.287001,CMGC,CMGC_MAPK1
MAPK1,NUDUL1,0.024976,CMGC,CMGC_MAPK1
MAPK1,SLVL,-0.753447,CMGC,CMGC_MAPK1
MAPK1,SUDHL16,0.204004,CMGC,CMGC_MAPK1
MAPK1,TK,NA,CMGC,CMGC_MAPK1
MAPK1,WSUDLCL2,0.390093,CMGC,CMGC_MAPK1
MAPK3,A3KAW,0.651672,CMGC,CMGC_MAPK3
MAPK3,A4Fuk,-2.963195,CMGC,CMGC_MAPK3
MAPK3,DB,1.536528,CMGC,CMGC_MAPK3
MAPK3,HT,-2.324896,CMGC,CMGC_MAPK3
MAPK3,MC116,1.237928,CMGC,CMGC_MAPK3
MAPK3,NUDUL1,0.252687,CMGC,CMGC_MAPK3
MAPK3,SLVL,0.028515,CMGC,CMGC_MAPK3
MAPK3,SUDHL16,0.422438,CMGC,CMGC_MAPK3
MAPK3,TK,0.918647,CMGC,CMGC_MAPK3
MAPK3,WSUDLCL2,NA,CMGC,CMGC_MAPK3
MAPK7,A3KAW,0.205932,CMGC,CMGC_MAPK7
MAPK7,A4Fuk,1.023131,CMGC,CMGC_MAPK7
MAPK7,DB,NA,CMGC,CMGC_MAPK7
MAPK7,HT,1.524045,CMGC,CMGC_MAPK7
MAPK7,MC116,1.286958,CMGC,CMGC_MAPK7
MAPK7,NUDUL1,0.907151,CMGC,CMGC_MAPK7
MAPK7,SLVL,1.512691,CMGC,CMGC_MAPK7
MAPK7,SUDHL16,1.298673,CMGC,CMGC_MAPK7
MAPK7,TK,2.247492,CMGC,CMGC_MAPK7
MAPK7,WSUDLCL2,NA,CMGC,CMGC_MAPK7
MAPK8,A3KAW,0.5787545,NA,NA
MAPK8,A4Fuk,0.6772405,NA,NA
MAPK8,DB,NA,NA,NA
MAPK8,HT,0.8490215,NA,NA
MAPK8,MC116,-0.2362665,NA,NA
MAPK8,NUDUL1,0.4760525,NA,NA
MAPK8,SLVL,-0.3236835,NA,NA
MAPK8,SUDHL16,0.4800375,NA,NA
MAPK8,TK,0.939613,NA,NA
MAPK8,WSUDLCL2,-0.2468205,NA,NA
MAPK9,A3KAW,-1.828706,CMGC,CMGC_MAPK9
MAPK9,A4Fuk,-1.431203,CMGC,CMGC_MAPK9
MAPK9,DB,-1.37066,CMGC,CMGC_MAPK9
MAPK9,HT,-1.550607,CMGC,CMGC_MAPK9
MAPK9,MC116,-1.444714,CMGC,CMGC_MAPK9
MAPK9,NUDUL1,-1.204925,CMGC,CMGC_MAPK9
MAPK9,SLVL,-1.000554,CMGC,CMGC_MAPK9
MAPK9,SUDHL16,-1.549792,CMGC,CMGC_MAPK9
MAPK9,TK,-0.805823,CMGC,CMGC_MAPK9
MAPK9,WSUDLCL2,NA,CMGC,CMGC_MAPK9
MAP3K7,A3KAW,1.450354,TKL,TKL_MAP3K7
MAP3K7,A4Fuk,1.6400255,TKL,TKL_MAP3K7
MAP3K7,DB,1.729532,TKL,TKL_MAP3K7
MAP3K7,HT,2.085785,TKL,TKL_MAP3K7
MAP3K7,MC116,2.079604,TKL,TKL_MAP3K7
MAP3K7,NUDUL1,-0.063062,TKL,TKL_MAP3K7
MAP3K7,SLVL,1.384214,TKL,TKL_MAP3K7
MAP3K7,SUDHL16,-0.271332,TKL,TKL_MAP3K7
MAP3K7,TK,2.463864,TKL,TKL_MAP3K7
MAP3K7,WSUDLCL2,5.125187,TKL,TKL_MAP3K7
PDK1,A3KAW,1.261725,Atypical,Atypical_PDK1
PDK1,A4Fuk,-0.347444,Atypical,Atypical_PDK1
PDK1,DB,2.195615,Atypical,Atypical_PDK1
PDK1,HT,1.512525,Atypical,Atypical_PDK1
PDK1,MC116,0.951761,Atypical,Atypical_PDK1
PDK1,NUDUL1,-0.587787,Atypical,Atypical_PDK1
PDK1,SLVL,0.936047,Atypical,Atypical_PDK1
PDK1,SUDHL16,0.43686,Atypical,Atypical_PDK1
PDK1,TK,1.262912,Atypical,Atypical_PDK1
PDK1,WSUDLCL2,2.75617,Atypical,Atypical_PDK1
PDPK1,A3KAW,-0.8223935,AGC,AGC_PDPK1
PDPK1,A4Fuk,-0.399754,AGC,AGC_PDPK1
PDPK1,DB,0.035182,AGC,AGC_PDPK1
PDPK1,HT,-0.17179,AGC,AGC_PDPK1
PDPK1,MC116,-0.815834,AGC,AGC_PDPK1
PDPK1,NUDUL1,-2.066844,AGC,AGC_PDPK1
PDPK1,SLVL,-0.72558,AGC,AGC_PDPK1
PDPK1,SUDHL16,-1.459336,AGC,AGC_PDPK1
PDPK1,TK,0.1229815,AGC,AGC_PDPK1
PDPK1,WSUDLCL2,0.033862,AGC,AGC_PDPK1
PIK3CA,A3KAW,-0.160525,Atypical,Atypical_PIK3CA
PIK3CA,A4Fuk,-1.226588,Atypical,Atypical_PIK3CA
PIK3CA,DB,0.770287,Atypical,Atypical_PIK3CA
PIK3CA,HT,0.169081,Atypical,Atypical_PIK3CA
PIK3CA,MC116,-0.40028,Atypical,Atypical_PIK3CA
PIK3CA,NUDUL1,-1.4412,Atypical,Atypical_PIK3CA
PIK3CA,SLVL,0.378757,Atypical,Atypical_PIK3CA
PIK3CA,SUDHL16,-1.812671,Atypical,Atypical_PIK3CA
PIK3CA,TK,0.348598,Atypical,Atypical_PIK3CA
PIK3CA,WSUDLCL2,-0.51222,Atypical,Atypical_PIK3CA
ATM,A3KAW,-1.384143,Atypical,Atypical_ATM
ATM,A4Fuk,0.496326,Atypical,Atypical_ATM
ATM,DB,0.41383,Atypical,Atypical_ATM
ATM,HT,1.017847,Atypical,Atypical_ATM
ATM,MC116,-0.013541,Atypical,Atypical_ATM
ATM,NUDUL1,-1.98133,Atypical,Atypical_ATM
ATM,SLVL,-0.123342,Atypical,Atypical_ATM
ATM,SUDHL16,1.372659,Atypical,Atypical_ATM
ATM,TK,-0.418914,Atypical,Atypical_ATM
ATM,WSUDLCL2,0.302793,Atypical,Atypical_ATM
ATR,A3KAW,-0.851058,Atypical,Atypical_ATR
ATR,A4Fuk,-0.836111,Atypical,Atypical_ATR
ATR,DB,-0.2547855,Atypical,Atypical_ATR
ATR,HT,-0.801397,Atypical,Atypical_ATR
ATR,MC116,-0.909005,Atypical,Atypical_ATR
ATR,NUDUL1,-2.941336,Atypical,Atypical_ATR
ATR,SLVL,0.928657,Atypical,Atypical_ATR
ATR,SUDHL16,-0.980819,Atypical,Atypical_ATR
ATR,TK,-1.36767,Atypical,Atypical_ATR
ATR,WSUDLCL2,-0.350293,Atypical,Atypical_ATR
MTOR,A3KAW,-3.1221925,Atypical,Atypical_MTOR
MTOR,A4Fuk,-1.867253,Atypical,Atypical_MTOR
MTOR,DB,-0.292403,Atypical,Atypical_MTOR
MTOR,HT,-0.2366735,Atypical,Atypical_MTOR
MTOR,MC116,-0.046741,Atypical,Atypical_MTOR
MTOR,NUDUL1,-1.844493,Atypical,Atypical_MTOR
MTOR,SLVL,-0.1554145,Atypical,Atypical_MTOR
MTOR,SUDHL16,-3.6494745,Atypical,Atypical_MTOR
MTOR,TK,-0.828638,Atypical,Atypical_MTOR
MTOR,WSUDLCL2,-1.510535,Atypical,Atypical_MTOR
PRKDC,A3KAW,-0.677766,Atypical,Atypical_PRKDC
PRKDC,A4Fuk,NA,Atypical,Atypical_PRKDC
PRKDC,DB,0.111695,Atypical,Atypical_PRKDC
PRKDC,HT,0.023237,Atypical,Atypical_PRKDC
PRKDC,MC116,-0.605918,Atypical,Atypical_PRKDC
PRKDC,NUDUL1,-1.359369,Atypical,Atypical_PRKDC
PRKDC,SLVL,-0.028845,Atypical,Atypical_PRKDC
PRKDC,SUDHL16,-0.727198,Atypical,Atypical_PRKDC
PRKDC,TK,NA,Atypical,Atypical_PRKDC
PRKDC,WSUDLCL2,-0.375519,Atypical,Atypical_PRKDC
PLK1,A3KAW,0.684833,CAMK,CAMK_PLK1
PLK1,A4Fuk,0.364605,CAMK,CAMK_PLK1
PLK1,DB,-0.150018,CAMK,CAMK_PLK1
PLK1,HT,0.678059,CAMK,CAMK_PLK1
PLK1,MC116,0.505599,CAMK,CAMK_PLK1
PLK1,NUDUL1,-0.428809,CAMK,CAMK_PLK1
PLK1,SLVL,1.502321,CAMK,CAMK_PLK1
PLK1,SUDHL16,-0.063534,CAMK,CAMK_PLK1
PLK1,TK,0.337324,CAMK,CAMK_PLK1
PLK1,WSUDLCL2,-0.496011,CAMK,CAMK_PLK1
PLK3,A3KAW,-1.148857,CAMK,CAMK_PLK3
PLK3,A4Fuk,NA,CAMK,CAMK_PLK3
PLK3,DB,-2.088795,CAMK,CAMK_PLK3
PLK3,HT,-1.350594,CAMK,CAMK_PLK3
PLK3,MC116,-0.711322,CAMK,CAMK_PLK3
PLK3,NUDUL1,-3.433226,CAMK,CAMK_PLK3
PLK3,SLVL,-1.639442,CAMK,CAMK_PLK3
PLK3,SUDHL16,-2.46528,CAMK,CAMK_PLK3
PLK3,TK,-2.368927,CAMK,CAMK_PLK3
PLK3,WSUDLCL2,NA,CAMK,CAMK_PLK3
ARAF,A3KAW,-1.047335,TKL,TKL_ARAF
ARAF,A4Fuk,-1.402789,TKL,TKL_ARAF
ARAF,DB,-0.834113,TKL,TKL_ARAF
ARAF,HT,NA,TKL,TKL_ARAF
ARAF,MC116,-1.05965,TKL,TKL_ARAF
ARAF,NUDUL1,0.106467,TKL,TKL_ARAF
ARAF,SLVL,0.192653,TKL,TKL_ARAF
ARAF,SUDHL16,-0.998236,TKL,TKL_ARAF
ARAF,TK,0.309181,TKL,TKL_ARAF
ARAF,WSUDLCL2,-1.127146,TKL,TKL_ARAF
BRAF,A3KAW,0.050422,TKL,TKL_BRAF
BRAF,A4Fuk,-2.294452,TKL,TKL_BRAF
BRAF,DB,-0.302711,TKL,TKL_BRAF
BRAF,HT,-0.250858,TKL,TKL_BRAF
BRAF,MC116,-0.451929,TKL,TKL_BRAF
BRAF,NUDUL1,-0.503111,TKL,TKL_BRAF
BRAF,SLVL,0.499023,TKL,TKL_BRAF
BRAF,SUDHL16,0.314426,TKL,TKL_BRAF
BRAF,TK,0.096878,TKL,TKL_BRAF
BRAF,WSUDLCL2,0.908971,TKL,TKL_BRAF
RPS6KB1,A3KAW,NA,AGC,AGC_RPS6KB1
RPS6KB1,A4Fuk,0.557625,AGC,AGC_RPS6KB1
RPS6KB1,DB,-0.332067,AGC,AGC_RPS6KB1
RPS6KB1,HT,-0.040773,AGC,AGC_RPS6KB1
RPS6KB1,MC116,0.61311,AGC,AGC_RPS6KB1
RPS6KB1,NUDUL1,-0.175652,AGC,AGC_RPS6KB1
RPS6KB1,SLVL,1.232215,AGC,AGC_RPS6KB1
RPS6KB1,SUDHL16,-0.566001,AGC,AGC_RPS6KB1
RPS6KB1,TK,0.936297,AGC,AGC_RPS6KB1
RPS6KB1,WSUDLCL2,-0.824332,AGC,AGC_RPS6KB1
MAP2K1,A3KAW,-1.985277,STE,STE_MAP2K1
MAP2K1,A4Fuk,-3.729473,STE,STE_MAP2K1
MAP2K1,DB,NA,STE,STE_MAP2K1
MAP2K1,HT,-1.446259,STE,STE_MAP2K1
MAP2K1,MC116,0.308498,STE,STE_MAP2K1
MAP2K1,NUDUL1,0.409468,STE,STE_MAP2K1
MAP2K1,SLVL,-0.557559,STE,STE_MAP2K1
MAP2K1,SUDHL16,NA,STE,STE_MAP2K1
MAP2K1,TK,NA,STE,STE_MAP2K1
MAP2K1,WSUDLCL2,-1.622995,STE,STE_MAP2K1
TTK,A3KAW,0.098212,OTHER,OTHER_TTK
TTK,A4Fuk,0.601346,OTHER,OTHER_TTK
TTK,DB,-1.829294,OTHER,OTHER_TTK
TTK,HT,0.494367,OTHER,OTHER_TTK
TTK,MC116,NA,OTHER,OTHER_TTK
TTK,NUDUL1,NA,OTHER,OTHER_TTK
TTK,SLVL,NA,OTHER,OTHER_TTK
TTK,SUDHL16,0.7088,OTHER,OTHER_TTK
TTK,TK,0.664473,OTHER,OTHER_TTK
TTK,WSUDLCL2,-0.4246655,OTHER,OTHER_TTK
BTK,A3KAW,0.201957,TYR,TYR_BTK
BTK,A4Fuk,2.369559,TYR,TYR_BTK
BTK,DB,1.60624,TYR,TYR_BTK
BTK,HT,0.861664,TYR,TYR_BTK
BTK,MC116,1.205353,TYR,TYR_BTK
BTK,NUDUL1,-1.018188,TYR,TYR_BTK
BTK,SLVL,0.162506,TYR,TYR_BTK
BTK,SUDHL16,-1.947455,TYR,TYR_BTK
BTK,TK,0.248402,TYR,TYR_BTK
BTK,WSUDLCL2,1.573644,TYR,TYR_BTK
